<config xmlns:xsi="http://www.w3.org/2001/XMLSchema-instance"
        xmlns="http://www.ehcache.org/v3"
        xsi:schemaLocation="http://www.ehcache.org/v3 http://www.ehcache.org/schema/ehcache-core-3.0.xsd">

    <!-- Reference: https://springframework.guru/using-ehcache-3-in-spring-boot/ -->

    <!-- Default M2U Cache Template -->
    <cache-template name="m2uCacheTemplate">
<!--        <key-type>java.lang.Object</key-type>-->
<!--        <value-type>java.lang.Object</value-type>-->
        <expiry>
            <ttl unit="seconds">3600</ttl>
        </expiry>
        <listeners>
            <listener>
                <class>com.m2u.payment.cache.CacheEventLogger</class>
                <event-firing-mode>ASYNCHRONOUS</event-firing-mode>
                <event-ordering-mode>UNORDERED</event-ordering-mode>
                <events-to-fire-on>CREATED</events-to-fire-on>
                <events-to-fire-on>UPDATED</events-to-fire-on>
                <events-to-fire-on>EXPIRED</events-to-fire-on>
                <events-to-fire-on>REMOVED</events-to-fire-on>
                <events-to-fire-on>EVICTED</events-to-fire-on>
            </listener>
        </listeners>
    </cache-template>

    <!-- NOTES: We can overwrite the setting from template in any of this cache -->
    <cache alias="m2uDCCCache" uses-template="m2uCacheTemplate">
        <resources>
            <heap unit="entries">5000</heap>
            <offheap unit="MB">300</offheap>
        </resources>
    </cache>
    <cache alias="m2uPaymentCache" uses-template="m2uCacheTemplate">
        <resources>
            <heap unit="entries">5000</heap>
            <offheap unit="MB">300</offheap>
        </resources>
    </cache>

</config>